Title,ID
1. Ramayana: An Introduction,GB0hIiA5mDE
2. Ramayana: The Eternal Story Of An Eternal Personality,ZZ24ld-hdQQ
3. Ramayana: Dasaratha,oX6jrzsCW7o
Ramayana 004 : The Three Queens,VhF0NPw4aww
Ramayana 05 : Sri Rama On His Way To The Forest,Ro2Sluev_MI
Ramayana 006 :,iFVZmcbSviU
Ramayana 007 : Confusion in Ayodhya,xsK1OHgVPoE
Ramayana 008 : Prince Bharata's Prudence,RBqjcsTSzSU
Ramayana 009 : Prince Bharata's Pilgrimage To Sri Rama,Pral9yoRws4
Ramayana 010 :Pilgrimage To Rama,AGmiEc3_9os
Ramayana 011,YQ708DhcPYc
Ramayana 012 : Bharata receives Rama's sandals,3CNBgfXxzuk
RAMAYANA 013 :”KING’s RESPONSIBILITIES”,LXJRqS59LTE
Ramayana 014:”Sri Rama in Panchavati”,-Q_pgxgPTEA
Ramayana 015 - “Surpanakha meets Sri Rama and Lakshmana”,f3ayzSceCyo
Ramayana 016 - “Sri Rama in Panchavati”,_Spq25D7pTk
Ramayana 017 - “Abduction of Sita.”,dZjaJE2Ua20
18. Ramayana: “Sri Rama Accepts the Challenge”,vackYUk2ExQ
