Questions,Timestamp
Why do we need to search for the unchanging self?,https://www.youtube.com/watch?v=3rE9U4ty5vw&t=106s
 Is it ok to pray to God to satisfy our desires?,https://www.youtube.com/watch?v=3rE9U4ty5vw&t=786s
"If avidya (ignorance) is in Brahman, isn't it real?",https://www.youtube.com/watch?v=3rE9U4ty5vw&t=1608s
 What is Vedanta's view on vegetarianism?,https://www.youtube.com/watch?v=3rE9U4ty5vw&t=1927s
How can I develop pure love?,https://www.youtube.com/watch?v=3rE9U4ty5vw&t=2075s
Can pure consciousness change the appearance of reality?,https://www.youtube.com/watch?v=3rE9U4ty5vw&t=2407s
Can God be both impersonal and personal?,https://www.youtube.com/watch?v=3rE9U4ty5vw&t=2893s
 Is the anandamaya kosha (bliss sheath) really blissful?,https://www.youtube.com/watch?v=3rE9U4ty5vw&t=3361s
How does the concept of dependent origination map into Advaitic concepts?,https://www.youtube.com/watch?v=3rE9U4ty5vw&t=3739s
How is the cycle of reincarnation possible?,https://www.youtube.com/watch?v=3rE9U4ty5vw&t=4006s
Is there a concept in Hinduism about a personal God that can suffer?,https://www.youtube.com/watch?v=3rE9U4ty5vw&t=4597s
"If all is Brahman, what is wrong with Maya?",https://www.youtube.com/watch?v=3rE9U4ty5vw&t=4875s
How does one love consciousness?,https://www.youtube.com/watch?v=S7Zd8AYUN7M&t=197s
What is the purpose of professional ambition and duty?,https://www.youtube.com/watch?v=S7Zd8AYUN7M&t=1204s
" In our waking state, is there a way to find the unity of pure consciousness?",https://www.youtube.com/watch?v=S7Zd8AYUN7M&t=1726s
 Isn't consciousness interrupted in deep sleep?,https://www.youtube.com/watch?v=S7Zd8AYUN7M&t=3135s
 How do you overcome sorrow that comes from seeing the suffering of others?,https://www.youtube.com/watch?v=S7Zd8AYUN7M&t=3421s
 How has Karma manifested itself to give rise to the universe?,https://www.youtube.com/watch?v=S7Zd8AYUN7M&t=3868s
"If consciousness is universal, why aren't inert objects aware? Isn't consciousness dependent on the senses and mind?",https://www.youtube.com/watch?v=S7Zd8AYUN7M&t=4498s
How can one get rid of unwanted vasanas (desires)?,https://www.youtube.com/watch?v=S7Zd8AYUN7M&t=5151s
Can Brahman be equally immanent and transcendent?,https://www.youtube.com/watch?v=tMSnomUpAqc&t=142s
Who is the doer of action?,https://www.youtube.com/watch?v=tMSnomUpAqc&t=1297s
"Swamiji, what is your daily routine?",https://www.youtube.com/watch?v=tMSnomUpAqc&t=1995s
Can art lead us to the infinite?  What is the nature of abhyasa?  What is the nature of vairagya?,https://www.youtube.com/watch?v=tMSnomUpAqc&t=2074s
"If Buddhism believes in reincarnation, why not the Atman?",https://www.youtube.com/watch?v=tMSnomUpAqc&t=3260s
 What do you mean by an appearance in consciousness?  Is it permitted to think of consciousness with qualities?,https://www.youtube.com/watch?v=tMSnomUpAqc&t=3700s
How can we be sure that this waking world does not occur in our mind like a dream?,https://www.youtube.com/watch?v=tMSnomUpAqc&t=3996s
" Does moksha happen at once, or does it happen over time?",https://www.youtube.com/watch?v=tMSnomUpAqc&t=4370s
Why are there so many different perspectives on moksha?,https://www.youtube.com/watch?v=tMSnomUpAqc&t=4630s
Can there be spontaneous enlightenment without spiritual practice?,https://www.youtube.com/watch?v=tMSnomUpAqc&t=4754s
 How can reality be truly One?,https://www.youtube.com/watch?v=tMSnomUpAqc&t=5004s
" When a spiritual seeker becomes stuck, is a guru necessary?",https://www.youtube.com/watch?v=tMSnomUpAqc&t=5641s
 How is it that the self is in all beings from the chit (consciousness) perspective?,https://www.youtube.com/watch?v=oqBEnsOendk&t=92s
Where is my consciousness when I am sleeping? Can I use sleep as a spiritual practice?,https://www.youtube.com/watch?v=oqBEnsOendk&t=1117s
Will a realized person retain their individuality after enlightenment?,https://www.youtube.com/watch?v=oqBEnsOendk&t=1615s
Why do we call this world false?,https://www.youtube.com/watch?v=oqBEnsOendk&t=2438s
 What does Sri Ramakrishna mean by going into the black water (in reference to samadhi)?,https://www.youtube.com/watch?v=oqBEnsOendk&t=3353s
"If we want to take up a life of renunciation, what practices should be followed?",https://www.youtube.com/watch?v=oqBEnsOendk&t=3630s
Isn't enlightenment part of Maya?,https://www.youtube.com/watch?v=4QDmwE0Fw2o&t=144s
"The witness consciousness, sat, chit, ananda, the basis of all truths, cannot perform any action. The mind removes its own veil. How can we turn this understanding into meditation?",https://www.youtube.com/watch?v=4QDmwE0Fw2o&t=965s
"In the Gospel, Sri Ramakrishna says to ""dive deep"". What does this mean?",https://www.youtube.com/watch?v=4QDmwE0Fw2o&t=2050s
" What does Sri Ramakrishna mean when he tells Naren ""He who was Rama and he who was Krishna was born again as Ramakrishna, but not in your Vedantic sense""?",https://www.youtube.com/watch?v=4QDmwE0Fw2o&t=3005s
 How do I know if I am progressing spiritually?  How can one recognize an enlightened being?,https://www.youtube.com/watch?v=4QDmwE0Fw2o&t=3570s
Why is there a tradition of fear in relation to God?,https://www.youtube.com/watch?v=4QDmwE0Fw2o&t=4525s
 How can I worship God if I am one with God?,https://www.youtube.com/watch?v=yzZ8L5vmgq0&t=40s
" I find it easy to say ""I am Brahman"", but how can I say ""I am Jesus""?",https://www.youtube.com/watch?v=yzZ8L5vmgq0&t=778s
" When we pray for peace, who are we praying to?",https://www.youtube.com/watch?v=yzZ8L5vmgq0&t=1172s
 My dream borrows material from my waking experience.  Where does my waking reality borrow material from?,https://www.youtube.com/watch?v=yzZ8L5vmgq0&t=1598s
"As our identities are ephemeral in dreams, aren't our identities also ephemeral in awareness?  How is Advaita as expressed by Nisargadatta different from Advaita taught in the Ramakrishna Order?",https://www.youtube.com/watch?v=yzZ8L5vmgq0&t=2163s
"After having our vices under control, what is the next step forward? After having cleansed the mind, what is the next step in mediation?",https://www.youtube.com/watch?v=yzZ8L5vmgq0&t=2810s
 What hope is there for an ordinary householder in achieving realization?,https://www.youtube.com/watch?v=yzZ8L5vmgq0&t=3613s
Is it possible to experience Turiya temporarily?,https://www.youtube.com/watch?v=hRp1mkuRBYU&t=53s
Why does Drg-Drsya-Viveka indicate that only the avaccheda (limitation) theory explains the appearance of one consciousness as many consciousnesses?,https://www.youtube.com/watch?v=hRp1mkuRBYU&t=688s
"If there is ultimately no free will, how is Karma applicable?",https://www.youtube.com/watch?v=hRp1mkuRBYU&t=1708s
" Who created the universe, Iswara or Hiranyagarba? Why is it said that Hiranyagarba has maximum bliss?",https://www.youtube.com/watch?v=hRp1mkuRBYU&t=2414s
"How is the witness consciousness really free, if it cannot choose what it wants to witness?",https://www.youtube.com/watch?v=hRp1mkuRBYU&t=3185s
"If both bliss and pain are in the mind, why is Atman described as pure bliss, and not also pure pain?",https://www.youtube.com/watch?v=hRp1mkuRBYU&t=3369s
What is the relationship between the reflected consciousness and pure consciousness?,https://www.youtube.com/watch?v=nENMCNBSQvQ&t=122s
"When we obtain knowledge of true consciousness, how is it that we continue to experience the current reality?",https://www.youtube.com/watch?v=nENMCNBSQvQ&t=1110s
Are the scriptures useless with regard to swadharma?,https://www.youtube.com/watch?v=nENMCNBSQvQ&t=1620s
How can we keep children involved with spiritual concepts?,https://www.youtube.com/watch?v=nENMCNBSQvQ&t=1966s
"If the universe is continuously rising and falling, is the universe something different from the Atman?",https://www.youtube.com/watch?v=nENMCNBSQvQ&t=2231s
How can we resolve the conflict between our spiritual journey and responsibilities in daily life?,https://www.youtube.com/watch?v=nENMCNBSQvQ&t=2654s
"Which is correct, Jiva is Shiva, or everything is a dream?",https://www.youtube.com/watch?v=nENMCNBSQvQ&t=3328s
 Is all this philosophy just something that has been fed to us?,https://www.youtube.com/watch?v=nENMCNBSQvQ&t=3598s
How can we define God for a young person?,https://www.youtube.com/watch?v=nENMCNBSQvQ&t=3960s
 What is the relationship between a pure mind and a scattered mind?,https://www.youtube.com/watch?v=nENMCNBSQvQ&t=4466s
" What happens to the reflected consciousness after death, and after enlightenment?",https://www.youtube.com/watch?v=s3TzA-r43X8&t=310s
 What is my swadharma?,https://www.youtube.com/watch?v=s3TzA-r43X8&t=1150s
What is the difference between the knower and the witness?,https://www.youtube.com/watch?v=s3TzA-r43X8&t=2120s
" Where does Sri Ramakrishna stand in the triad of Iswara, Jiva, and Jagat?",https://www.youtube.com/watch?v=s3TzA-r43X8&t=2480s
 Is enlightenment a gradual process or a “wow” moment?,https://www.youtube.com/watch?v=s3TzA-r43X8&t=3075s
 What is Shraddha?,https://www.youtube.com/watch?v=s3TzA-r43X8&t=3760s
 Is there any overlap between psychotherapy and Vedanta?,https://www.youtube.com/watch?v=s3TzA-r43X8&t=4533s
"If the Self is the only reality, who is the doer?",https://www.youtube.com/watch?v=M-O0xsKKODo&t=215s
" How can it be said that Self is free, and yet all beings are in the Self?",https://www.youtube.com/watch?v=M-O0xsKKODo&t=725s
What is the role of psychedelics in mystical experience?,https://www.youtube.com/watch?v=M-O0xsKKODo&t=1644s
 Why is the path of Bhakti supposed to be dualistic?,https://www.youtube.com/watch?v=M-O0xsKKODo&t=2370s
 Why is fear of God discussed in religion?,https://www.youtube.com/watch?v=M-O0xsKKODo&t=3065s
 How can we deal with thoughts of dispassion towards the world?,https://www.youtube.com/watch?v=M-O0xsKKODo&t=3447s
" How can realization occur in the mind, if the mind is actually false?",https://www.youtube.com/watch?v=_HVtoK5-IIE&t=125s
" If I am pure consciousness, why do unwanted situations appear to me?",https://www.youtube.com/watch?v=_HVtoK5-IIE&t=411s
" Is it true that the ""ego"" consciousness sets the wheel of karma in motion?",https://www.youtube.com/watch?v=_HVtoK5-IIE&t=943s
How can we make the leap from the individual to the universal consciousness?,https://www.youtube.com/watch?v=_HVtoK5-IIE&t=1228s
 How is bliss the same as existence and consciousness?,https://www.youtube.com/watch?v=_HVtoK5-IIE&t=2433s
" If Brahman through Maya becomes God, why surrender to God?",https://www.youtube.com/watch?v=_HVtoK5-IIE&t=3000s
How can I turn intellectual realization into a living reality?,https://www.youtube.com/watch?v=_HVtoK5-IIE&t=3435s
 Can science lead us to the ultimate truth?,https://www.youtube.com/watch?v=_HVtoK5-IIE&t=4047s
" The path of Raja Yoga allows us to ""turn off"" the world and see the ultimate reality. Is this superior to the path of Jnana Yoga?",https://www.youtube.com/watch?v=_HVtoK5-IIE&t=4747s
 What separates the individual soul from Brahman?,https://www.youtube.com/watch?v=Yej6AY0KNN4&t=111s
 Can the self be self-aware without mind or object?,https://www.youtube.com/watch?v=Yej6AY0KNN4&t=533s
 You have said that maya projects the universe and veils the truth.  Is this the same as the Samkhya philosophy?,https://www.youtube.com/watch?v=Yej6AY0KNN4&t=986s
What is the closest concept in Vedanta to the ideas of the spirit and the soul?,https://www.youtube.com/watch?v=Yej6AY0KNN4&t=1550s
 Is Advaita Vedanta escapism?,https://www.youtube.com/watch?v=Yej6AY0KNN4&t=2379s
Is Vedanta the same as subjective idealism?,https://www.youtube.com/watch?v=Yej6AY0KNN4&t=2889s
 How can I be sure that consciousness is not manufactured by the brain?,https://www.youtube.com/watch?v=Yej6AY0KNN4&t=3315s
What is the role of the mind in self-realization?,https://www.youtube.com/watch?v=Bf45_kW2yI4&t=122s
How can deep sleep be an experience?,https://www.youtube.com/watch?v=Bf45_kW2yI4&t=2463s
" Is the ""I"" thought unique? How does investigating it lead to the Atman?",https://www.youtube.com/watch?v=Bf45_kW2yI4&t=2982s
How can we understand the real nature of the self?,https://www.youtube.com/watch?v=XY5ht6Y7WKs&t=84s
How can we develop detachment from material pursuits?,https://www.youtube.com/watch?v=XY5ht6Y7WKs&t=865s
 How is moksha defined in Vedanta?,https://www.youtube.com/watch?v=XY5ht6Y7WKs&t=1078s
What is Vedantic meditation?,https://www.youtube.com/watch?v=XY5ht6Y7WKs&t=1404s
How do I choose my ishta devata?,https://www.youtube.com/watch?v=XY5ht6Y7WKs&t=1965s
How do we know that Brahman is the ultimate reality?,https://www.youtube.com/watch?v=XY5ht6Y7WKs&t=2250s
"If everything is an appearance, how is karma kept track of?",https://www.youtube.com/watch?v=XY5ht6Y7WKs&t=2504s
 Is it true that time and space are illusions?,https://www.youtube.com/watch?v=XY5ht6Y7WKs&t=3030s
 How does consciousness appear in all things?  What is needed to see this underlying truth?,https://www.youtube.com/watch?v=tnhl0sD0Whk&t=157s
How can we say there is consciousness in deep sleep?,https://www.youtube.com/watch?v=tnhl0sD0Whk&t=1140s
 Does the 7th mantra of the Mandukya Upanishad state that Turiya is not consciousness?,https://www.youtube.com/watch?v=tnhl0sD0Whk&t=1757s
"It is said that Brahman is existence-consciousness-bliss.  Is it fair to say that Brahman is existence, with consciousness and bliss?",https://www.youtube.com/watch?v=tnhl0sD0Whk&t=2195s
" If the universe appears in consciousness as a city appears in a mirror, is there something external to consciousness that appears in consciousness?",https://www.youtube.com/watch?v=tnhl0sD0Whk&t=2682s
 [Part 1]  How do we know if we are progressing in spiritual life?,https://www.youtube.com/watch?v=tnhl0sD0Whk&t=3387s
 [Part 2]  How can an enlightened person be recognized?,https://www.youtube.com/watch?v=tnhl0sD0Whk&t=3701s
 [Part 3]  What are some practical suggestions for practicing pratyahara (withdrawal from the external world)?,https://www.youtube.com/watch?v=tnhl0sD0Whk&t=3803s
 Is the awakening of the Kundalini and the recognition of our real nature as the spirit the same as Aparokshanubhuti?,https://www.youtube.com/watch?v=liHSgzovE9Y&t=123s
" If you are already Brahman, what is the purpose of a appearing as a sentient being and finding Brahman?",https://www.youtube.com/watch?v=liHSgzovE9Y&t=668s
 How do I know that this awareness that I am is the infinite?,https://www.youtube.com/watch?v=liHSgzovE9Y&t=1115s
 [Part 1] How do we have duality in experience when reality is non-dual?,https://www.youtube.com/watch?v=liHSgzovE9Y&t=1740s
" [Part 2] If Brahman is neutral, why does Brahman manifest?",https://www.youtube.com/watch?v=liHSgzovE9Y&t=2274s
" If Brahman cannot be experienced as an object, what kind of experience is there in Nirvikalpa Samadhi?",https://www.youtube.com/watch?v=liHSgzovE9Y&t=2848s
 Why do we believe there is one awareness and not many awarenesses?,https://www.youtube.com/watch?v=liHSgzovE9Y&t=3345s
 What does Vedanta say about justice in society?,https://www.youtube.com/watch?v=dCRbTNNO4VM&t=60s
 How do we drop identification with the body?,https://www.youtube.com/watch?v=dCRbTNNO4VM&t=975s
 Why does the Quran say that Prophet Muhammad is the last prophet?,https://www.youtube.com/watch?v=dCRbTNNO4VM&t=1615s
" If I am Brahman, who is under delusion? And If Brahman is fulfilled, what need does Brahman have for power? (Second question repeated at 42:05)",https://www.youtube.com/watch?v=dCRbTNNO4VM&t=2264s
What is Vedanta's approach to the Anatman of Buddhism?,https://www.youtube.com/watch?v=dCRbTNNO4VM&t=3066s
 Is the reflected consciousness the same as the pramata (the knower)?,https://www.youtube.com/watch?v=dCRbTNNO4VM&t=4585s
 How can the law of Karma explain the sudden loss of so many lives in the current pandemic?,https://www.youtube.com/watch?v=dCRbTNNO4VM&t=5132s
 What is the difference between individual and cosmic consciousness? How can we realize the reality of one consciousness?,https://www.youtube.com/watch?v=WsblD59Y4QA&t=150s
  Why is private spirituality not spirituality?,https://www.youtube.com/watch?v=WsblD59Y4QA&t=2058s
 I am in school and have lost interest in studies. I would rather seek the spiritual truths. What are my options?,https://www.youtube.com/watch?v=WsblD59Y4QA&t=2365s
]How can the formless Brahman produce a universe of forms?,https://www.youtube.com/watch?v=WsblD59Y4QA&t=2847s
 How can Brahman in Sri Ramakrishna's Vijnana Vedanta be beyond cause and effect if the universe is a real manifestation of shakti?,https://www.youtube.com/watch?v=WsblD59Y4QA&t=3376s
  I was brought up in a christian tradition but have become interested in Vedanta.  Is is possible for a person to be pulled into Vedanta by no conscious effort?,https://www.youtube.com/watch?v=WsblD59Y4QA&t=4091s
 How to know the Self when It cannot be objectified? Is inference sufficient?,https://www.youtube.com/watch?v=yb8ZA6xvAYA&t=385s
"While we agree that waking, dreaming, and deep sleep are experienced in consciousness, why can't we say that they are real instead of unreal since they are indeed experienced?",https://www.youtube.com/watch?v=yb8ZA6xvAYA&t=1650s
" If the realization of atman is an experiential reality, then why is there a logical conflict between different spiritual traditions? Does it mean that the realized master's have different experiences?",https://www.youtube.com/watch?v=yb8ZA6xvAYA&t=2690s
" If consciousness illumines Maya, then why does it need the support of Maya to realize itself?",https://www.youtube.com/watch?v=yb8ZA6xvAYA&t=3275s
  1) To whom does enlightenment happen if we are already Brahman? 2) How can we be responsible for all the pain and suffering if we are already Brahman? 3) How can Brahman have no characteristics?,https://www.youtube.com/watch?v=qsQAPIykUL0&t=307s
" If we have family, friends, and relationships can we also reach enlightenment? Can we have both?",https://www.youtube.com/watch?v=qsQAPIykUL0&t=2270s
How can Maya be both real and unreal?,https://www.youtube.com/watch?v=qsQAPIykUL0&t=2465s
 How to reconcile the ultimate reality with Maya?,https://www.youtube.com/watch?v=qsQAPIykUL0&t=2758s
A discussion on free will inspired by the Bhagavad Gita.,https://www.youtube.com/watch?v=qsQAPIykUL0&t=3260s
 1) Does the Vedanta philosophy evolve? 2) Do new insights from science get integrated?,https://www.youtube.com/watch?v=qsQAPIykUL0&t=4073s
 Can you say more about the differences between Buddhist teaching and Vedanta teaching?,https://www.youtube.com/watch?v=qsQAPIykUL0&t=4860s
 Can we not measure in a quantitative way how much we understand?,https://www.youtube.com/watch?v=qsQAPIykUL0&t=5658s
 How do desires transmigrate after death?,https://www.youtube.com/watch?v=swpSy6smh9o&t=8s
 A step-by-step examination of the challenges one faces in grasping the ‘Witness’,https://www.youtube.com/watch?v=swpSy6smh9o&t=710s
The spiritual heaven in Vedanta.,https://www.youtube.com/watch?v=swpSy6smh9o&t=1383s
 How to manifest the knowledge of Advaita?,https://www.youtube.com/watch?v=swpSy6smh9o&t=1516s
 Who made God?,https://www.youtube.com/watch?v=swpSy6smh9o&t=2760s
 Is consciousness present in non-living things? Are they also Brahman?,https://www.youtube.com/watch?v=TNWD7G1T9Rk&t=33s
What is the nature of bliss? Is it dependent on the mind? Does a pure being experience bliss all the time?,https://www.youtube.com/watch?v=TNWD7G1T9Rk&t=738s
 Does your liberation depend upon your karma?,https://www.youtube.com/watch?v=TNWD7G1T9Rk&t=1575s
 Does the presence of Maya imply duality?,https://www.youtube.com/watch?v=TNWD7G1T9Rk&t=1910s
 Does suffering bring us closer to spirituality? Can people who are mentally week resort to spirituality as an escape route?,https://www.youtube.com/watch?v=TNWD7G1T9Rk&t=2185s
 Is it difficult to stay in the non-dual path when the path of knowledge is considered difficult to follow in the current age?,https://www.youtube.com/watch?v=TNWD7G1T9Rk&t=2805s
Advice for somebody who has experienced a flash of spiritual bliss and is trying to understand and sustain it.,https://www.youtube.com/watch?v=TNWD7G1T9Rk&t=3565s
"Explain the verse from the Taittiriya Upanishad: ""He who is here in man and he who is in yonder sun—both are one.""",https://www.youtube.com/watch?v=TNWD7G1T9Rk&t=3776s
 Difference between the ego and the witness. Is consciousness a creation of the brain.,https://www.youtube.com/watch?v=UFRp9FYqQDw&t=36s
"Difference between the views that the universe never existed vs the universe is brahman. If we are one consciousness, why do we react differently in different circumstances.",https://www.youtube.com/watch?v=UFRp9FYqQDw&t=1474s
" If I do not “exist”, how do I approach the demands of the world.",https://www.youtube.com/watch?v=UFRp9FYqQDw&t=2358s
How is it possible to attain God while living in the world? How do I choose a guru? Is enlightenment possible without mantra diksha?,https://www.youtube.com/watch?v=UFRp9FYqQDw&t=2838s
 Distinguishing between vairagya (dispassion) and tamas (darkness). How to practice non-injury but still protect ourself?,https://www.youtube.com/watch?v=UFRp9FYqQDw&t=3407s
Are your tendencies from past life part of a bigger purpose in the universe?,https://www.youtube.com/watch?v=UFRp9FYqQDw&t=4100s
 What is Advaita Vedanta’s standpoint on karmic liability that leads to rebirth?,https://www.youtube.com/watch?v=UFRp9FYqQDw&t=4780s
 Difference between Jnanindriyan and Buddhindriyan.,https://www.youtube.com/watch?v=UFRp9FYqQDw&t=5225s
" Do Sat, Chit, and Ananda refer to the same thing?",https://www.youtube.com/watch?v=UFRp9FYqQDw&t=5520s
How to overcome the fear of unknown and revel in the silence.,https://www.youtube.com/watch?v=QgThz6H8kSE&t=560s
" In Nirvanashatakam, bliss is first negated but then accepted. Which is it? Difference between Ananda and happiness.",https://www.youtube.com/watch?v=QgThz6H8kSE&t=1176s
 Do negative emotions persists after Enlightenment?,https://www.youtube.com/watch?v=QgThz6H8kSE&t=1727s
  Should we trust our own insights?,https://www.youtube.com/watch?v=QgThz6H8kSE&t=2890s
How to combine Vedantic meditation with the practice of Mantra meditation.,https://www.youtube.com/watch?v=QgThz6H8kSE&t=3028s
" How can the universe come out of nothing? Does Advaita Vedanta recognize an Omnipotent, Omniscient and Omnipresent God?",https://www.youtube.com/watch?v=QgThz6H8kSE&t=3500s
Which meditation should we practice - Vedantic or Mantra?,https://www.youtube.com/watch?v=QgThz6H8kSE&t=4218s
 Is the presence of a life force (Prana) an illusion?,https://www.youtube.com/watch?v=QgThz6H8kSE&t=4292s
How can one remember their past lives?,https://www.youtube.com/watch?v=Zjb48bU5UGQ&t=33s
Are we many or one? Is ignorance in Brahman or java?,https://www.youtube.com/watch?v=Zjb48bU5UGQ&t=403s
Different categories of spiritual seekers as per the Gita.,https://www.youtube.com/watch?v=Zjb48bU5UGQ&t=1196s
Is one’s attitude towards God a part of maya? How is it different for the liberated?,https://www.youtube.com/watch?v=Zjb48bU5UGQ&t=1730s
How can I apply Vedanta to family life?,https://www.youtube.com/watch?v=Zjb48bU5UGQ&t=2407s
 How can one be aware of ones desires bubbling up in the mind?,https://www.youtube.com/watch?v=Zjb48bU5UGQ&t=3115s
 How to introduce the concept of Atman to children?,https://www.youtube.com/watch?v=Zjb48bU5UGQ&t=3933s
 How can I establish my goals in life?,https://www.youtube.com/watch?v=Zjb48bU5UGQ&t=4192s
 How do we contemplate and approach the topic of death?,https://www.youtube.com/watch?v=Zjb48bU5UGQ&t=4500s
 How does the One appear as the many? What is Maya?,https://www.youtube.com/watch?v=qWw5NupY8MA&t=155s
Is awareness experienced as an object?,https://www.youtube.com/watch?v=qWw5NupY8MA&t=1279s
Does Sri Ramakrishana’s Vijnana Vedanta imply dualism?,https://www.youtube.com/watch?v=qWw5NupY8MA&t=2059s
 Is the Anahata Sound (unstruck sound) same as Brahman?,https://www.youtube.com/watch?v=qWw5NupY8MA&t=2683s
Are the universe and the Absolute the same thing? Is the universe real?,https://www.youtube.com/watch?v=qWw5NupY8MA&t=2900s
How can I be aware of my true nature at all times?,https://www.youtube.com/watch?v=qWw5NupY8MA&t=3547s
 Dealing with disturbances during meditation.,https://www.youtube.com/watch?v=qWw5NupY8MA&t=4632s
 Is faith needed in Advaita Vedanta?,https://www.youtube.com/watch?v=qWw5NupY8MA&t=5375s
 Controlling the mind and turning it towards God.,https://www.youtube.com/watch?v=i33Q_KCT0Cw&t=37s
Understanding superconsciousness.,https://www.youtube.com/watch?v=i33Q_KCT0Cw&t=2017s
Need of a Guru and spiritual initiation (Mantra Diksha).,https://www.youtube.com/watch?v=i33Q_KCT0Cw&t=2658s
 Thoughts and the Cosmic Mind.,https://www.youtube.com/watch?v=i33Q_KCT0Cw&t=3270s
 How do we know if Advaita Vedanta is true?,https://www.youtube.com/watch?v=i33Q_KCT0Cw&t=3470s
 How do we know if consciousness is ever-present?,https://www.youtube.com/watch?v=i33Q_KCT0Cw&t=4575s
 Dealing with sleepiness during meditation.,https://www.youtube.com/watch?v=i33Q_KCT0Cw&t=5100s
God-centered vs. Self-enquiry based religions.,https://www.youtube.com/watch?v=i33Q_KCT0Cw&t=3685s
 What is the distinction between Mind and Intellect?,https://www.youtube.com/watch?v=4nrlQxDmK_4&t=28s
 Do I have any say in changing my character’s role in the world that is nothing but “God’s leela”?,https://www.youtube.com/watch?v=4nrlQxDmK_4&t=62s
How can I determine the spiritual practices in accordance to my temperamental tendency in the day to day life? What are the suggestions proposed by  Shree Ramakrishna and the Swamis of Ramakrishna order for the householders in connection to the spiritual growth and God realization?,https://www.youtube.com/watch?v=4nrlQxDmK_4&t=465s
 How do you think about Kriya-Yoga?  Would you recommend practicing this?,https://www.youtube.com/watch?v=4nrlQxDmK_4&t=892s
 Based on the discussion of Brahman & Universe with the reference of Pot & Clay analogy-,https://www.youtube.com/watch?v=4nrlQxDmK_4&t=1085s
 Why does anything appear in pure consciousness at all?,https://www.youtube.com/watch?v=4nrlQxDmK_4&t=2081s
What is the nature of thread that connects the samskaras of one “Jeeva” even after death?,https://www.youtube.com/watch?v=4nrlQxDmK_4&t=2730s
" If we are all same, the witness consciousness or God how does the Law of Karma affect us?",https://www.youtube.com/watch?v=4nrlQxDmK_4&t=2755s
Why do you think Karma does not adequately explain evil & suffering?,https://www.youtube.com/watch?v=4nrlQxDmK_4&t=2778s
" Why, when and how did Karma start?",https://www.youtube.com/watch?v=4nrlQxDmK_4&t=4115s
 Is there any meeting point between visualization of goals or meditation and Karma Yoga?,https://www.youtube.com/watch?v=4nrlQxDmK_4&t=4840s
What is the recommended approach to teach “Vedanta” to the children?,https://www.youtube.com/watch?v=Hc-Pm2HKhAQ&t=65s
Is the concept “Ekajeevavada” connected to the “Hard problem of Consciousness”?,https://www.youtube.com/watch?v=Hc-Pm2HKhAQ&t=316s
Since it is a way to reach God by serving the suffered has God created suffering in this world? Is he not biased then?,https://www.youtube.com/watch?v=Hc-Pm2HKhAQ&t=914s
 Is it the mind watching the thoughts without generating further thoughts (subsiding other thoughts) or is it the witness consciousness? If it’s mind why can’t watch the absence of thoughts in the Deep sleep state?,https://www.youtube.com/watch?v=Hc-Pm2HKhAQ&t=1565s
" According to ‘Mandukya’, when try to focus on the sense of “I” find focusing on ‘Ego’ somewhere in the chest, who is sensing it?",https://www.youtube.com/watch?v=Hc-Pm2HKhAQ&t=1969s
"The knowledge of “I” gives enormous peace, but how to live life in the light of this knowledge? How is it relevant in the struggle of life?",https://www.youtube.com/watch?v=Hc-Pm2HKhAQ&t=2062s
What kind of tools be needed to lessen the guilt that felt if can’t serve your close people in the way it should be?,https://www.youtube.com/watch?v=Hc-Pm2HKhAQ&t=2766s
" Acharyas repeatedly say You are That Infinite Existence, I am the Awareness Absolute etc. Who is the """"I"""" and """"you"""" that the teaching is referring to? Whom or what experiences whom or what?",https://www.youtube.com/watch?v=z1KwhIl2H_E&t=48s
" What is """"citta""""? What is the difference between """"citta"""" and """"consciousness""""?",https://www.youtube.com/watch?v=z1KwhIl2H_E&t=523s
"Everything we do is prompted by thoughts, which are the functions of the mind. So how does one experience Consciousness in its purity without the mind?",https://www.youtube.com/watch?v=z1KwhIl2H_E&t=1108s
"What works the mind if Pure Consciousness is not affected by the material world, and is only the Witness? What is it that enjoys the senses, the body, or the mind?",https://www.youtube.com/watch?v=z1KwhIl2H_E&t=1637s
" a) Nirguna Brahman is manifested in a body. Who decides that body (as in the case of Sri Ramakrishna, other Avatars/Incarnations of God etc.)?",https://www.youtube.com/watch?v=z1KwhIl2H_E&t=1858s
"a) What makes the difference between the mind of Swami Vivekananda and my mind? If the mind of a saint is pure, what purified it? Did Pure Conciousness purfiy it?",https://www.youtube.com/watch?v=z1KwhIl2H_E&t=2265s
"When the body is damaged or dies, only this body stops working. Why does it lose its Consciousness?",https://www.youtube.com/watch?v=z1KwhIl2H_E&t=2543s
" How do memory or samskaras travel from one birth to another? If mind and body are destroyed, where does the samskara get stored?",https://www.youtube.com/watch?v=z1KwhIl2H_E&t=2701s
Does Awareness always need a vehicle for it to exist?,https://www.youtube.com/watch?v=z1KwhIl2H_E&t=2869s
 How do you avoid pride in the path of Advaita?,https://www.youtube.com/watch?v=z1KwhIl2H_E&t=3107s
"Shravana, manana, nidhidhyasana (hearing, pondering, assimilating). These constitute the method by which one realizes Brahman (if one has good fortune). If that happens, then one should be filled with Bliss. And if a person thinks that he has had that realization, but is not filled with Bliss, then one can conclude that he did not have the realization. Correct?",https://www.youtube.com/watch?v=z1KwhIl2H_E&t=3590s
" What is the exact meaning/significance of """"Om"""" in relation to the Mandukya Upanishad?",https://www.youtube.com/watch?v=z1KwhIl2H_E&t=3769s
"a) How can we approach everyday activities at various stages of our life with an attitude of service, and in a manner that avoids undue stress and brings peace?",https://www.youtube.com/watch?v=z1KwhIl2H_E&t=4155s
"b) How do we carry on the daily activities of life without stress, without strain?",https://www.youtube.com/watch?v=z1KwhIl2H_E&t=4193s
"a) What is the difference between """"kuladevi"""" (family deity) and """"isha devata"""" (chosen deity)?",https://www.youtube.com/watch?v=z1KwhIl2H_E&t=4719s
" b) What is the significance (if any) of various experiences had during meditation (vibrations, sounds, colors, bright light, darkness etc.)?",https://www.youtube.com/watch?v=z1KwhIl2H_E&t=4822s
" a) Is what I experience right now the appearance OF reality, or appearance AS reality? Why doesn't Reality reveal Itself in its originality? For that matter, why don't (or can't) we see the Reality as It is?",https://www.youtube.com/watch?v=z1KwhIl2H_E&t=4953s
"b) Why does the play of Consciousness give so many negative experiences (sorrow, suffering, pain, fear, frustration, failure, boredom etc.)?",https://www.youtube.com/watch?v=z1KwhIl2H_E&t=5122s
" c) Doesn't the experience of Maya run counter to the principle of nondualism, or is Maya also a part of Reality? If so, how?",https://www.youtube.com/watch?v=z1KwhIl2H_E&t=5287s
 a) Involuntary thoughts are mostly negative and bad. How do we uproot them?,https://www.youtube.com/watch?v=KrBwQQSCxtQ&t=60s
" What exactly is meant by the term """"faultlines"""" with regards to pointing out the errors in Maya?"""" (referencing a previous lecture in which Swami Sarvapriyanandaji had used this term).",https://www.youtube.com/watch?v=KrBwQQSCxtQ&t=896s
"a) Could the Blissful experience of sleep be due to sleep related hormones (serotonin, endorphins etc.) rather than to the Bliss inherent in Consciousness?",https://www.youtube.com/watch?v=KrBwQQSCxtQ&t=2545s
"a) In deep sleep, is the Bliss we experience the """"Ananda"""" of """"Sat-Chit-Ananda?""""",https://www.youtube.com/watch?v=KrBwQQSCxtQ&t=2747s
" b) Unconsciousness seems to be different from deep sleep, because it seems to be completely blank. Additionally, after coming up from that state, one doesn't feel rested or peaceful. On the contrary, one often feels uneasy. But ultimately, if it is Ananda, it should be there everywhere (in deep sleep as well as unconsciousness) shouldn't it?",https://www.youtube.com/watch?v=KrBwQQSCxtQ&t=2903s
50:50 -- c) So is it that the happiness of deep sleep is due to serotonin and/or other chemicals that are involved in neurochemical processes?,https://www.youtube.com/watch?v=KrBwQQSCxtQ&t=3050s
" One can say that the substratum of human Consciousness is Pure Awareness. How can we extend it to include the whole material Universe, and posit that Pure Consciousness is its substratum?",https://www.youtube.com/watch?v=KrBwQQSCxtQ&t=3313s
"Should we assume that each one of us has our own consciousness, and if so, what about events which affect all of us? How do we explain that shared public reality?",https://www.youtube.com/watch?v=KrBwQQSCxtQ&t=3562s
Is Consciousness separate from the brain?,https://www.youtube.com/watch?v=KrBwQQSCxtQ&t=3957s
" a) Is it true that householders should not chant only """"Om,"""" but instead use some syllable along with it (such as """"Hari Om"""" etc.)? Will simply chanting """"Om"""" (as a householder) have adverse effects?",https://www.youtube.com/watch?v=KrBwQQSCxtQ&t=4372s
" b) Could """"namakam"""" and """"chamakam"""" (Vedic mantras) be used as worship mantras in rituals, upasana, self-Knowledge, God-realization, jnana etc.?",https://www.youtube.com/watch?v=KrBwQQSCxtQ&t=4482s
" How is Consciousness experienced? How do we know/grasp it? What exactly is Consciousness, Atman, Awareness, Pure Consciousness, Brahman etc.?",https://www.youtube.com/watch?v=KrBwQQSCxtQ&t=4850s
"The Awareness, or Consciousness (Atma, Chaitanya etc.) is common to all of us. Rather, we are That. Then what accounts for the differences between us (between Vivekananda and the rest of us, yogis who have extraordinary powers, psychic powers, siddhis etc.)?",https://www.youtube.com/watch?v=KrBwQQSCxtQ&t=5176s
 What might be the difference between the eyes opened and closed while trying to do meditation?,https://www.youtube.com/watch?v=9EuOUGo6ML8&t=40s
 With closed eyes I can see the inner light but with opened eyes it’s not the case. What is it that notices the difference while trying doing meditation with closed eyes and opened eyes?,https://www.youtube.com/watch?v=9EuOUGo6ML8&t=205s
Does pure consciousness have intention or it is my own realization of pure consciousness that creates circumstances?,https://www.youtube.com/watch?v=9EuOUGo6ML8&t=395s
 Being the creator of my own dreams why can’t see it from other’s perspective?,https://www.youtube.com/watch?v=9EuOUGo6ML8&t=538s
 In my dreams do I get the result of my actions or something else?,https://www.youtube.com/watch?v=9EuOUGo6ML8&t=995s
" How do I get up and say that I slept peacefully and didn’t know anything? Here the active mind trying to recall the inactive mind, how did that happen?",https://www.youtube.com/watch?v=9EuOUGo6ML8&t=1682s
" Who is looking out to the body, what is the ground of existence of it and how the digestion, breathing & other physiological activities are done in deep sleep?",https://www.youtube.com/watch?v=9EuOUGo6ML8&t=2034s
Does an enlightened person have any choice to go to the highest of “Brahmaloka” after “Mahasamadhi”?,https://www.youtube.com/watch?v=9EuOUGo6ML8&t=2228s
I have recently come across the concept of sentient robots. How can one harmonize it with Advaita Vedanta Philosophy?,https://www.youtube.com/watch?v=9EuOUGo6ML8&t=2704s
"Among the two paths of spirituality namely Bhakti (Devotion) and Jnana  (Knowledge), which one is the right?",https://www.youtube.com/watch?v=9EuOUGo6ML8&t=3026s
 If I am one with God (according to Advaita Vedanta concept) what is the necessity of worshiping as the worshiper and worshipped are the same?,https://www.youtube.com/watch?v=9EuOUGo6ML8&t=3351s
We say Brahman is the only reality and the world is Maya (illusion). Then what causes the world to appear?,https://www.youtube.com/watch?v=p1S4aKCigi0&t=50s
What does 'Bindu Naad Kalaa' mean?,https://www.youtube.com/watch?v=p1S4aKCigi0&t=867s
"What is the difference between 'Jeeva' (sentient beings) and 'Jada' (insentient things)? If both are manifestation of Brahman, then what Karma makes one thing 'Jeeva' and the other 'Jada'?",https://www.youtube.com/watch?v=p1S4aKCigi0&t=1000s
"In Bhakti traditions, God is understood to have love and compassion. What is the relation of God of Advaita with the God of Bhakti traditions?",https://www.youtube.com/watch?v=p1S4aKCigi0&t=1610s
Why is Advaitic meditation (Nidhidhyasana) sometimes considered better than Yogic meditation (meditation of Patanjali Yoga Sutras)?,https://www.youtube.com/watch?v=p1S4aKCigi0&t=2110s
How does one make the mind one-pointed?,https://www.youtube.com/watch?v=p1S4aKCigi0&t=3130s
 Difference between the mind of a yogi and the mind of a worldly person.,https://www.youtube.com/watch?v=YLSRvatqLFY&t=9s
Do our senses tell us what is real?,https://www.youtube.com/watch?v=YLSRvatqLFY&t=554s
What entity becomes liberated?,https://www.youtube.com/watch?v=YLSRvatqLFY&t=1097s
"Karma, redemption, suffering, and beyond.",https://www.youtube.com/watch?v=YLSRvatqLFY&t=1440s
 What is the purpose of life? Why the game of life?,https://www.youtube.com/watch?v=YLSRvatqLFY&t=2057s
Can karma affect an enlightened person?,https://www.youtube.com/watch?v=YLSRvatqLFY&t=2406s
Who is witnessing the mind?,https://www.youtube.com/watch?v=YLSRvatqLFY&t=2840s
 Who is deluded by maya?,https://www.youtube.com/watch?v=YLSRvatqLFY&t=3259s
When is a person ready for spiritual life?,https://www.youtube.com/watch?v=YLSRvatqLFY&t=3537s
 Is there suffering outside of the mind?,https://www.youtube.com/watch?v=YLSRvatqLFY&t=4144s
"Can art lead us to reality?""",https://www.youtube.com/watch?v=YLSRvatqLFY&t=4450s
"When we are reborn, do we get the same piece of consciousness as we have in this birth?",https://www.youtube.com/watch?v=l_vmlYMfsdQ&t=60s
If whatever we do is Karma then does whatever we think also our Karma?,https://www.youtube.com/watch?v=l_vmlYMfsdQ&t=200s
"If same Brahman is residing in me and others, how is my Karma my own, why don't I share somebody else's Karma or vice versa?",https://www.youtube.com/watch?v=l_vmlYMfsdQ&t=430s
" What is the point of Karma when the results of the action is delayed and we don't even remember the actions for which we are suffering? How are we supposed to learn the lesson? How do you prove the existence of afterlives, or is it mere a faith or belief.",https://www.youtube.com/watch?v=l_vmlYMfsdQ&t=680s
" If so much of what happens to us is due to our Karma in past lives and our tendencies that we have inherited, what is the need of living within the framework of morality?",https://www.youtube.com/watch?v=l_vmlYMfsdQ&t=1435s
Where does evil come from?,https://www.youtube.com/watch?v=l_vmlYMfsdQ&t=1880s
" If the whole world is Brahman, then it suggests the evil is also Brahman. Then how to distinguish between good and evil? If God exists then why is evil more than good in the world?",https://www.youtube.com/watch?v=l_vmlYMfsdQ&t=2292s
 Tell us more about death and destruction of universe.,https://www.youtube.com/watch?v=l_vmlYMfsdQ&t=2920s
Why are you stressing more on the teachings of non-dualism of Shankara and neglecting Ramanujacharya's and Madhavacharya's teaching. There are more references of Madhavacharya than Shankara in even Gospels of Ramakrishna.,https://www.youtube.com/watch?v=l_vmlYMfsdQ&t=3660s
 (a) How does one select a path to follow? (b) How to recognize a Guru?,https://www.youtube.com/watch?v=bkAHtnltX-8&t=50s
What is my duty in life?,https://www.youtube.com/watch?v=bkAHtnltX-8&t=140s
Is Ramakrishna a 'Shankara Advaitin'?,https://www.youtube.com/watch?v=bkAHtnltX-8&t=1372s
" In Vedanta, all that we experience are objects for consciousness. Even the sense of 'I' is an object, but it disappears in deep sleep. So, ""I"", who am not there in deep sleep, claim that 'I slept' - when I wake up. How do you reconcile this?",https://www.youtube.com/watch?v=bkAHtnltX-8&t=1650s
"Performing duties of life drains my energy and yet I don't feel that I am growing, spiritually. How to make spiritual progress, even while performing my duties?",https://www.youtube.com/watch?v=bkAHtnltX-8&t=2107s
"In text-based meditation technique, I'm faced with external disturbances - such as - ticking of clock, chirping of bird, etc. and the internal & external get mixed up. What is the way out?",https://www.youtube.com/watch?v=bkAHtnltX-8&t=2592s
I am often faced with people who misunderstand me because I am a spiritual seeker & indulge in spiritual practices. What should I do?,https://www.youtube.com/watch?v=bkAHtnltX-8&t=3060s
 How does Consciousness arise in form from Shunya in Buddhist view?,https://www.youtube.com/watch?v=bkAHtnltX-8&t=3290s
" I experience compassion for some people, and no compassion for others. So, should I wait for grace, or should I keep working at it?",https://www.youtube.com/watch?v=bkAHtnltX-8&t=4200s
" How do I prioritize my time & energy to make spiritual progress, as much as I excel at my work?",https://www.youtube.com/watch?v=C4lBgdHaYi4&t=1040s
(a) Is there any reality in the dream state? (b) My method of meditation keeps on changing because of so many methods I get to learn about; what should I do?,https://www.youtube.com/watch?v=C4lBgdHaYi4&t=2145s
"What is the existence of the universe, and how is it related to the spiritual world?",https://www.youtube.com/watch?v=C4lBgdHaYi4&t=2755s
"How to provide sufficiently strong arguments to mind, to counter distractions, provocations - such as greed, lust, etc. in order to attain perfect chastity in thought, word & deed?",https://www.youtube.com/watch?v=C4lBgdHaYi4&t=2995s
" With advent of artificial intelligence, there have been changes in the job market where youngsters are finding it more and more difficult. What will life look like 50 years from now?",https://www.youtube.com/watch?v=C4lBgdHaYi4&t=3495s
